Prompt,Country,Tags,Intent Volume Monthly,3-month growth,Total citations,Your brand mentioned,ChatGPT your brand rank,Your domain cited,Ahrefs mentioned,Ahrefs cited,AthenaHQ mentioned,AthenaHQ cited,BrightEdge mentioned,BrightEdge cited,Keyword.com mentioned,Keyword.com cited,OmniSEO mentioned,OmniSEO cited,Peec AI mentioned,Peec AI cited,Profound mentioned,Profound cited,Rankability mentioned,Rankability cited,Rankscale mentioned,Rankscale cited,SE Ranking mentioned,SE Ranking cited,SISTRIX mentioned,SISTRIX cited,Scrunch mentioned,Scrunch cited,Semrush mentioned,Semrush cited,Surfer SEO mentioned,Surfer SEO cited,Writesonic mentioned,Writesonic cited,ZipTie mentioned,ZipTie cited,seoClarity mentioned,seoClarity cited,xFunnel mentioned,xFunnel cited
ai search monitoring tool,us,"Funnel - BoFu 💲,monitoring,Press PoC,YT",0,0%,99,6,1,1,5,5,1,0,0,0,0,0,0,0,6,0,5,0,1,1,0,0,3,2,0,0,4,0,5,2,1,0,4,0,3,0,0,0,1,0
What's the role of Off Page Optimization for AI Visibility,us,"Funnel - MoFu 🥤,YT",0,0%,92,-,-,-,0,1,0,0,0,0,0,1,0,0,0,0,0,0,0,0,0,0,0,0,0,0,0,0,0,3,0,0,0,0,0,0,0,0,0,0
how to monitor ai search mentions,us,"Funnel - MoFu 🥤,YT",0,0%,106,3,4,-,6,1,1,0,0,0,3,3,0,0,4,0,2,0,0,0,0,0,1,0,0,0,3,0,5,2,1,0,0,0,2,0,0,0,0,0
free tools for monitoring brand visibility in chatgpt responses,us,"Funnel - BoFu 💲,Funnel - MoFu 🥤,Funnel - ToFu 👩🏻‍🍳,monitoring,YT",0,0%,137,1,3,1,2,0,0,0,0,0,1,4,0,0,0,0,1,0,0,0,0,0,0,5,0,0,0,0,4,4,0,0,0,0,0,0,0,0,0,0
How agencies monitor mentions in AI search?,us,"Agencies,YT",0,0%,114,1,5,2,5,1,0,0,0,0,0,3,0,0,2,0,4,0,0,0,1,0,0,0,0,0,0,0,3,0,0,0,1,0,0,0,0,0,0,0
best ai search monitoring tools,us,"Funnel - BoFu 💲,monitoring,YT",45,29%,140,5,3,-,7,3,5,0,0,0,3,0,0,0,7,0,3,0,1,2,2,0,3,1,0,0,4,0,5,1,0,0,2,0,5,0,0,0,3,0
how do companies track their brand in AI tools,us,"Funnel - ToFu 👩🏻‍🍳,YT",0,0%,137,1,4,4,3,0,0,0,0,0,0,0,0,0,0,0,3,0,0,0,0,0,0,0,0,0,0,0,2,1,0,0,1,0,0,0,0,0,0,0
how to improve brand mentions in chatgpt and perplexity ai responses?,us,YT,0,0%,127,-,-,-,0,1,0,0,0,0,0,2,0,0,0,0,0,0,0,0,0,0,0,0,0,0,0,0,0,1,0,1,0,0,0,0,0,0,0,0
"Which tool helps marketing teams discover and monitor high-intent AI prompts that drive traffic, demos, and conversions from generative search?",us,"Competitors,YT",10,-79%,159,-,-,-,0,2,0,0,0,0,0,1,0,0,2,1,2,1,0,0,0,0,0,0,0,0,0,0,1,10,0,0,0,0,0,0,0,0,0,0
Help me determine how visible my brand is to an AI search,us,"Survey,YT",35,133%,130,2,3,2,3,4,0,0,0,0,1,0,0,0,0,0,2,0,0,0,0,0,2,0,0,0,1,0,4,7,0,0,2,0,0,0,0,0,0,0
brand monitoring for ai results,us,"Funnel - BoFu 💲,Funnel - MoFu 🥤,Funnel - ToFu 👩🏻‍🍳,monitoring,YT",35,-25%,133,3,5,1,6,1,0,0,0,0,0,1,0,0,5,0,5,0,0,0,0,0,0,0,0,0,3,0,7,2,0,0,0,0,0,0,0,0,0,0
what are the best tools for tracking brand visibility across ai search platforms?,us,YT,0,0%,104,6,4,-,7,1,0,0,0,0,4,1,0,0,6,0,7,0,0,0,0,0,4,1,0,0,2,0,7,0,0,0,2,0,0,0,0,0,2,0
ai visibility analytics tools brand mentions,us,"Analytics,YT",0,0%,164,6,3,1,6,1,1,0,0,0,2,0,0,0,4,0,7,0,0,0,0,0,4,0,0,0,0,0,7,0,2,0,3,0,0,0,0,0,1,0
best LLM Monitoring tool,us,"Funnel - BoFu 💲,monitoring,YT",0,0%,141,-,-,-,0,0,0,0,0,0,0,0,0,0,0,0,0,0,0,0,0,0,0,0,0,0,0,0,0,0,0,0,0,0,0,0,0,0,0,0
best tools for tracking llm visibility,us,"Funnel - BoFu 💲,Funnel - MoFu 🥤,Funnel - ToFu 👩🏻‍🍳,YT",0,0%,131,6,1,-,2,0,0,0,0,0,1,0,0,0,6,0,4,0,1,1,0,0,2,0,0,0,4,0,4,1,0,0,1,0,0,0,0,0,2,0
Is there an automated platform to track AI search citations and brand ranking?,us,"Funnel - MoFu 🥤,YT",0,0%,119,5,4,-,7,0,1,0,0,0,0,0,0,0,6,0,6,0,4,4,1,0,2,0,0,0,0,0,4,0,1,0,3,1,0,0,0,0,0,0
why should i track ai brand visibility,us,"Funnel - MoFu 🥤,Funnel - ToFu 👩🏻‍🍳,YT",0,0%,126,-,-,-,0,0,0,0,0,0,0,0,0,0,0,0,0,0,0,0,0,0,0,0,0,0,0,0,0,0,0,0,0,0,0,0,0,0,0,0
how can i track my website's performance in ai search engines?,us,YT,0,0%,156,1,3,-,7,1,0,0,0,0,1,1,0,0,1,0,1,0,1,1,0,0,1,2,0,0,0,0,5,0,1,1,0,0,0,0,0,0,0,0
Generative Engine Optimization Audit Tool,us,"Press PoC,YT",0,0%,119,-,-,5,0,0,0,0,0,0,0,0,0,0,0,0,0,0,0,0,0,0,0,1,0,0,0,0,0,0,0,0,0,0,0,0,0,0,0,0
GEO tools,us,"Survey,YT",500,-5%,139,-,-,3,0,0,0,0,0,0,0,0,0,0,0,0,0,0,0,0,0,0,0,0,0,0,0,0,0,0,0,0,0,0,0,0,0,0,0,0
best apps for competitor analysis in ai search optimization to see llm visibility of your brand,us,YT,0,0%,144,5,5,-,6,2,0,0,0,0,1,0,0,0,7,0,7,0,0,0,0,0,5,0,0,0,4,0,7,2,0,0,4,0,3,0,0,0,0,0
how to use an app and easy ways to get information on a project i'm working on,us,"Survey,YT",0,0%,118,-,-,-,0,0,0,0,0,0,0,0,0,0,0,0,0,0,0,0,0,0,0,0,0,0,0,0,0,0,0,0,0,0,0,0,0,0,0,0
how to track visibility across ai platforms,us,"Funnel - BoFu 💲,Funnel - MoFu 🥤,Funnel - ToFu 👩🏻‍🍳,YT",0,0%,146,2,3,1,1,1,0,0,0,0,0,0,0,1,3,0,1,0,0,1,0,0,2,2,0,0,0,0,4,3,0,0,2,0,0,0,0,0,0,0
best ai-powered platforms for monitoring brand positioning in google’s ai overviews,us,"monitoring,YT",0,0%,139,6,2,2,7,0,0,0,3,0,0,0,0,0,3,0,6,0,0,1,3,0,4,0,3,0,1,0,6,3,2,0,1,0,0,0,0,0,0,0
"AI search visibility tools, ranking, brand presence, model insight, monitoring platforms.",us,"monitoring,Survey,YT",240,-78%,149,7,1,-,6,0,0,0,0,0,3,0,0,0,7,0,6,0,4,4,2,0,7,2,0,0,3,0,7,1,1,0,3,1,0,0,0,0,0,0
how to monitor real-time brand mentions in chatgpt and perplexity answers?,us,"Funnel - MoFu 🥤,YT",0,0%,161,2,2,-,1,0,0,0,0,0,2,8,0,0,4,0,2,0,0,0,0,0,0,0,0,0,0,0,1,0,0,0,0,0,0,0,0,0,0,0
leading llm optimizers in ai visibility sector,us,YT,0,0%,165,3,7,-,3,0,0,0,1,0,0,0,0,0,4,0,6,0,0,0,4,0,1,0,0,0,6,0,5,1,2,0,4,0,0,0,1,0,0,0
AI monitoring tool free trial,us,"Funnel - BoFu 💲,monitoring,YT",0,0%,156,-,-,-,0,0,0,0,0,0,0,0,0,0,0,0,0,0,0,0,0,0,0,0,0,0,0,0,0,0,0,0,0,0,0,0,0,0,0,0
Is my website discoverable on ChatGPT?,us,"Funnel - MoFu 🥤,YT",0,0%,101,-,-,-,0,0,0,0,0,0,0,0,0,0,0,0,0,0,0,0,0,0,0,0,0,0,0,0,0,0,0,0,0,0,0,0,0,0,0,0
key features of effective ai brand monitoring solutions,us,"Funnel - MoFu 🥤,monitoring,YT",0,0%,115,-,-,1,1,0,0,0,0,0,0,0,0,0,0,0,0,0,0,0,0,0,0,0,0,0,0,0,0,0,0,0,0,0,0,0,0,0,0,0
free tools for monitoring brand visibility in chatgpt responses,us,"monitoring,YT",0,0%,120,3,2,-,1,0,0,0,0,0,1,3,0,0,2,0,2,0,0,0,0,0,4,6,0,0,0,0,3,3,0,0,0,0,0,0,0,0,0,0
How often does ChatGPT initiate a web search?,us,"Funnel - ToFu 👩🏻‍🍳,YT",0,0%,130,3,1,7,0,1,0,0,0,0,0,0,0,0,0,0,0,2,0,0,0,0,0,0,2,1,0,1,0,0,0,0,0,0,0,0,0,0,0,0
Find me the best tools to wokr tis problem out,us,"Survey,YT",0,0%,144,-,-,-,0,0,0,0,0,0,0,0,0,0,0,0,0,0,0,0,0,0,0,0,0,0,0,0,0,0,0,0,0,0,0,0,0,0,0,0
best ai search tracking tools,us,"Funnel - BoFu 💲,YT",0,0%,144,6,3,-,4,6,4,0,0,0,3,0,0,1,7,0,2,0,7,7,6,0,6,0,0,0,5,0,6,1,0,0,3,1,1,0,0,0,0,0
Find me a reliable and easy to use Generative engine optimization tools . I want this tool to help me understand how visible is my brand,us,"Survey,YT",0,0%,129,6,1,-,5,0,2,0,0,0,0,0,0,0,0,0,1,0,0,0,0,0,1,2,0,0,1,0,5,1,0,0,4,0,0,0,0,0,0,0
What are the top rated ChatGPT tracking tools,us,"Funnel - BoFu 💲,YT",0,0%,119,4,2,-,1,0,2,0,0,0,1,0,0,0,5,0,4,0,0,0,2,0,3,0,0,0,2,0,0,0,0,0,0,0,0,0,0,0,0,0
ai visibility optimization tools: which is the best?,us,"Funnel - BoFu 💲,Funnel - MoFu 🥤,Funnel - ToFu 👩🏻‍🍳,YT",5,0%,126,2,9,-,5,0,5,0,5,0,0,0,1,6,6,0,3,0,1,1,1,0,4,0,0,0,1,0,7,4,5,0,1,0,0,0,0,0,0,0
google ai overview tracking tools,us,YT,0,0%,111,3,6,-,4,0,0,0,4,0,5,3,1,0,0,0,0,0,0,0,0,0,5,0,1,0,0,0,4,1,0,0,0,0,0,0,2,0,0,0
brand visibility monitoring ai,us,"Funnel - MoFu 🥤,monitoring,YT",0,0%,158,4,5,-,6,0,0,0,0,0,0,0,0,0,6,0,5,1,0,1,0,0,2,0,0,0,3,1,7,4,0,1,2,0,0,0,0,0,0,0
AI search monitoring,us,"Funnel - MoFu 🥤,monitoring,Press PoC,YT",25,50%,152,2,1,2,1,0,0,0,0,0,2,3,0,0,0,0,2,0,0,0,0,0,0,0,0,0,0,0,1,0,0,0,1,0,0,0,0,0,0,0
List Generative Engine Optimization (GEO) tools that analyze how AI models interpret my content.,us,"Survey,YT",0,0%,128,6,1,-,0,0,0,0,1,0,0,0,0,0,1,0,2,1,0,0,0,0,0,0,0,0,2,0,4,1,0,0,6,0,0,0,0,0,0,0
"""best ai-powered platforms for monitoring brand positioning in google’s ai",us,"monitoring,YT",0,0%,140,6,3,2,7,0,0,0,0,0,3,0,0,0,6,0,7,0,2,2,0,0,6,0,0,0,2,0,6,0,2,0,1,0,1,0,0,0,0,0
best ai overviews tracking software,us,YT,0,0%,122,2,6,-,4,0,0,0,1,0,0,0,1,2,1,0,3,0,1,0,0,0,4,0,0,0,1,0,4,0,0,0,1,0,2,0,3,0,1,0
monitor website performance in perplexity ai,us,"Funnel - MoFu 🥤,YT",0,0%,144,-,-,-,0,0,0,0,0,0,0,4,3,3,0,0,0,0,0,0,0,0,0,1,0,1,0,0,0,6,0,0,0,0,0,0,0,0,0,0
Evaluate AI search tracking tools,us,"Funnel - BoFu 💲,YT",0,0%,145,4,3,2,2,0,3,0,0,0,1,0,1,0,7,0,4,0,6,5,2,0,1,0,0,0,4,0,3,0,2,0,4,0,0,0,0,0,1,0
"How do brands track mentions and sentiment on platforms like ChatGPT, Gemini, and Microsoft Copilot?",us,"Funnel - MoFu 🥤,YT",0,0%,149,1,2,1,0,1,0,0,0,0,1,2,0,0,2,0,1,0,0,0,0,0,0,0,0,0,1,0,0,0,0,0,0,0,0,0,0,0,0,0
best ai optimization tools for visibility,us,"Funnel - BoFu 💲,Funnel - MoFu 🥤,Funnel - ToFu 👩🏻‍🍳,YT",0,0%,121,3,7,-,6,0,3,0,6,0,0,0,0,5,2,0,3,0,0,0,1,0,2,0,0,0,4,0,7,3,6,0,5,0,0,0,0,0,0,0
AI search visibility monitoring platform for marketing teams,us,"Marketing Teams,monitoring,YT",0,0%,140,3,8,1,5,0,3,0,0,0,0,0,0,5,7,0,4,0,2,2,0,0,4,1,0,0,4,0,7,8,1,0,4,0,0,0,0,0,0,0
ai brand visibility trend analysis tools,us,"Funnel - BoFu 💲,Funnel - MoFu 🥤,Funnel - ToFu 👩🏻‍🍳,YT",0,0%,135,3,6,-,6,0,0,0,0,0,0,0,0,0,5,0,7,0,0,0,1,0,3,0,0,0,3,0,4,1,0,0,4,0,0,0,0,0,0,0
best perplexity seo rank tracking software,us,YT,160,-80%,113,4,4,-,6,0,0,0,4,0,3,0,0,0,1,0,1,0,1,3,0,0,5,2,0,0,1,0,7,0,1,0,0,0,0,0,2,0,0,0
best llm rank tracker software,us,YT,0,0%,146,4,3,-,6,0,0,0,0,0,2,2,0,0,4,0,3,0,0,2,1,0,4,0,0,0,0,0,5,0,0,0,0,0,0,0,0,0,0,0
top rated ai optimization for visibility solutions,us,"Funnel - BoFu 💲,Funnel - MoFu 🥤,Funnel - ToFu 👩🏻‍🍳,YT",0,0%,141,3,6,-,2,0,4,0,3,0,0,0,1,2,1,0,4,0,2,0,1,0,3,0,0,0,1,0,7,1,5,0,4,0,0,0,0,0,0,0
How can I block OpenAI GPTBot from crawling my website using robots.txt?,us,"Funnel - MoFu 🥤,Funnel - ToFu 👩🏻‍🍳,YT",0,0%,133,-,-,-,0,0,0,0,0,0,0,0,0,0,0,0,0,0,0,0,0,0,0,0,0,0,0,0,0,0,0,0,0,0,0,0,0,0,0,0
what solutions track brand authority metrics across multiple llm platforms?,us,"Funnel - BoFu 💲,Funnel - MoFu 🥤,Funnel - ToFu 👩🏻‍🍳,YT",0,0%,151,5,4,-,4,0,1,0,0,0,2,0,0,0,7,0,6,0,0,0,1,0,2,0,0,0,5,0,6,7,0,0,1,0,0,0,0,0,0,0
evaluate the ai visibility products company hotwire gaio.tech on llm,us,"Funnel - BoFu 💲,Funnel - MoFu 🥤,Funnel - ToFu 👩🏻‍🍳,YT",0,0%,122,-,-,-,2,0,1,0,0,0,0,0,0,0,0,0,3,0,0,0,0,0,0,0,0,0,0,0,2,0,0,0,0,0,0,0,0,0,0,0
top AI brand monitoring platforms,us,"Funnel - BoFu 💲,monitoring,YT",0,0%,118,6,1,3,6,0,1,0,1,0,0,0,0,0,6,0,6,0,0,0,0,0,1,0,0,0,4,0,5,0,0,0,2,0,0,0,0,0,1,0
Tools for Generative Engine Optimization,us,"Survey,YT",195,-6%,158,6,1,-,3,0,2,0,2,0,0,0,0,0,3,0,4,5,0,0,3,0,1,1,0,0,2,1,6,0,2,0,6,0,0,0,0,0,1,0
I need to know how often my brand appears in AI search response. What tools track that?,us,"Survey,YT",0,0%,131,5,3,-,6,0,0,0,0,0,1,0,0,0,4,0,3,0,0,0,2,0,1,0,0,0,2,0,7,1,0,0,1,0,0,0,0,0,0,0
leading analytics tools for measuring ai search visibility,us,"Analytics,YT",0,0%,145,6,3,-,5,0,4,0,1,0,1,0,3,4,7,0,6,0,5,5,3,0,5,4,0,0,5,0,7,4,3,0,4,0,0,0,0,0,0,0
best ai brand monitoring tools,us,"Funnel - BoFu 💲,Funnel - MoFu 🥤,Funnel - ToFu 👩🏻‍🍳,monitoring,YT",0,0%,146,5,3,5,5,0,0,0,0,0,2,0,0,0,3,0,7,0,0,0,0,0,1,0,0,0,4,0,6,3,0,0,1,0,0,0,0,0,0,0
Comparison between LLM monitoring and AI search monitoring for brands,us,"Funnel - MoFu 🥤,monitoring,YT",0,0%,117,5,1,6,0,0,0,0,0,0,0,0,0,0,1,0,1,0,0,0,0,0,0,0,0,0,0,0,1,4,0,0,0,0,0,0,0,0,0,0
AI search monitoring software,us,"Funnel - BoFu 💲,monitoring,YT",20,0%,110,7,1,8,3,1,0,0,0,0,0,0,0,0,3,0,6,0,0,0,0,0,4,0,0,0,4,0,2,0,0,0,4,0,1,0,0,0,1,0
What are the Best Award-Winning AI Search Monitoring Platforms?,us,"monitoring,Press PoC,YT",0,0%,139,7,1,3,6,4,1,0,2,0,1,0,0,0,7,0,4,0,0,3,3,0,3,0,0,0,4,0,7,0,0,0,2,0,1,0,1,0,0,0
Best tools for tracking website and link citations across AI search engines,us,"Funnel - MoFu 🥤,YT",0,0%,161,6,3,5,7,0,0,0,0,0,1,0,0,1,6,0,3,0,2,3,2,0,6,1,0,0,2,0,7,0,0,0,4,0,1,0,0,0,3,0
track visibility in chatgpt,us,"Funnel - BoFu 💲,Funnel - MoFu 🥤,Funnel - ToFu 👩🏻‍🍳,YT",0,0%,150,-,-,-,1,2,0,0,0,0,0,3,2,2,0,0,0,0,1,1,0,0,0,0,0,0,0,0,2,3,0,0,0,0,0,0,0,0,0,0
How does Generative Engine Optimization function?,us,"Funnel - MoFu 🥤,Funnel - ToFu 👩🏻‍🍳,YT",0,0%,131,-,-,-,0,0,0,0,0,0,0,0,0,0,0,0,0,0,0,0,0,0,0,0,0,0,0,0,0,0,0,0,0,0,0,0,0,0,0,0
ai tools to check brand sentiment in llms,us,"Funnel - BoFu 💲,YT",0,0%,133,6,1,-,2,0,0,0,0,0,0,0,0,0,6,0,5,0,0,0,0,0,0,0,0,0,1,0,2,4,0,0,0,0,0,0,0,0,0,0
where to find best llm optimization for ai visibility,us,YT,0,0%,129,5,2,-,0,0,2,0,2,0,0,0,0,0,6,0,5,0,0,0,0,0,0,0,0,0,1,0,3,2,3,1,1,0,0,0,0,0,0,0
best tool for tracking brand visiibility in chatgpt,us,"Funnel - BoFu 💲,Funnel - MoFu 🥤,Funnel - ToFu 👩🏻‍🍳,YT",0,0%,104,2,5,-,7,1,0,0,0,0,0,4,0,0,5,0,1,0,0,0,0,0,2,0,0,0,1,0,6,3,0,0,2,0,3,0,0,0,0,0
what AI search visibility tools exist today?,us,"Survey,YT",0,0%,148,5,3,3,5,0,2,0,0,0,1,0,3,6,5,0,7,0,1,2,0,0,5,3,0,0,5,0,7,11,4,0,5,0,0,0,0,0,0,0
chatgpt visibility tracker,us,"Funnel - BoFu 💲,Funnel - MoFu 🥤,Funnel - ToFu 👩🏻‍🍳,YT",25,36%,114,-,-,-,0,0,0,0,0,0,0,1,5,6,0,0,0,0,2,4,0,0,0,1,0,0,0,0,0,0,0,0,0,0,0,0,0,0,0,0
Implement AI search monitoring system,us,"Funnel - MoFu 🥤,monitoring,YT",0,0%,121,4,1,4,1,0,0,0,0,0,0,0,0,0,3,0,1,0,0,0,0,0,0,0,0,0,2,1,2,0,0,0,1,0,0,0,0,0,0,0
ai search monitoring tools,us,"Funnel - BoFu 💲,monitoring,YT",25,-42%,163,6,4,3,7,9,0,0,0,0,2,0,0,0,7,0,5,0,2,0,5,0,2,0,0,0,7,0,5,1,0,0,3,0,2,0,0,0,3,0
top ai visibility tools for optimization,us,"Funnel - BoFu 💲,Funnel - MoFu 🥤,Funnel - ToFu 👩🏻‍🍳,YT",0,0%,140,5,4,-,5,1,5,0,3,0,0,0,3,7,3,0,0,0,0,0,0,0,6,1,0,0,1,0,7,4,6,0,2,0,0,0,0,0,0,0
ai visibility tracking tools,us,"Funnel - BoFu 💲,Funnel - MoFu 🥤,Funnel - ToFu 👩🏻‍🍳,YT",5,0%,165,7,1,5,4,0,2,0,0,0,1,0,0,1,6,0,4,0,1,1,1,0,3,3,0,0,0,0,7,9,2,0,4,0,0,0,0,0,0,0
AI search visibility problems for businesses,us,"Funnel - ToFu 👩🏻‍🍳,YT",0,0%,160,-,-,-,0,0,0,0,0,0,0,0,0,2,0,0,0,0,0,0,0,0,0,0,0,0,0,0,0,0,0,0,0,0,0,0,0,0,0,0
Optimize content for AI engines,us,"Survey,YT",85,-38%,126,-,-,-,0,0,0,0,0,0,0,0,0,0,0,0,0,0,0,0,0,0,0,0,0,0,0,0,0,5,0,1,0,0,0,0,0,4,0,0
how to see if ai mentions your brand,us,"Funnel - MoFu 🥤,YT",0,0%,148,1,4,-,6,3,0,0,0,0,0,4,0,0,1,0,2,1,0,0,0,0,0,0,0,0,0,0,5,4,0,0,0,0,0,0,0,0,0,0
LLM SEO monitoring tools,us,"Funnel - BoFu 💲,monitoring,YT",20,200%,158,4,5,1,7,0,0,0,0,0,2,0,0,0,6,0,1,0,0,0,0,0,5,0,0,0,1,0,7,7,2,1,1,0,0,0,1,0,2,0
AI monitoring tools comparison 2025,us,"Funnel - BoFu 💲,monitoring,YT",0,0%,159,2,4,-,2,0,0,0,0,0,1,0,0,0,2,0,3,0,0,0,0,0,0,0,0,0,3,0,3,0,1,0,0,0,0,0,0,0,0,0
I do use on ChatGPT to identify AI search Analytivs & optimization tools,us,"Survey,YT",0,0%,173,4,3,-,4,1,1,0,1,0,0,0,0,0,4,0,2,0,1,1,1,0,3,0,0,0,3,0,7,1,5,0,4,0,1,0,0,0,1,0
How can I use AI for search monitoring in my marketing strategy?,us,"Funnel - MoFu 🥤,monitoring,YT",0,0%,145,1,7,6,2,0,0,0,1,0,0,0,0,0,1,0,3,0,1,0,0,0,2,0,0,0,3,2,2,0,0,0,2,0,0,0,0,0,0,0
What is generative engine optimization and how can it benefit my business?,us,"Funnel - ToFu 👩🏻‍🍳,YT",0,0%,107,-,-,-,0,0,0,0,0,0,0,0,0,0,0,0,0,1,0,0,0,0,0,0,0,0,0,0,0,0,0,0,0,0,0,0,0,0,0,0
how to find out what AI says about my business,us,"Funnel - ToFu 👩🏻‍🍳,YT",0,0%,143,1,1,-,0,0,0,0,0,0,0,0,0,0,0,0,1,0,0,0,0,0,1,0,0,0,0,0,0,2,0,0,0,0,0,0,0,0,0,0
best tools for tracking llm brand visibility,us,"Funnel - BoFu 💲,Funnel - MoFu 🥤,Funnel - ToFu 👩🏻‍🍳,YT",0,0%,134,6,3,-,5,0,0,0,1,0,0,0,0,0,7,0,3,0,0,0,1,0,5,0,0,0,6,0,7,7,0,0,2,0,0,0,0,0,0,0
"When researching AI search or Generative Engine optimization tools, I would use prompts that help me understand how often my brand shows up in AI generated answers and how we compare to competitors. I would try questions like : Which brands are recommended for products in my catagory ?, Does my brand appears when users search for the best options in my industry ? I would also look for gaps, places where my brand should appear but doesn`t, and use that information to improve our content.",us,"Survey,YT",105,24%,125,2,5,-,3,1,1,0,0,0,0,0,0,0,3,0,5,0,0,0,1,0,2,3,0,0,2,0,2,3,1,0,6,0,1,0,0,0,0,0
Top GEO Tools in Germany,us,"Press PoC,YT",0,0%,270,1,1,1,1,0,0,0,0,0,0,0,0,0,0,0,0,0,0,0,0,0,0,0,1,0,0,0,1,0,0,0,1,0,0,0,0,0,0,0
AI search visibility tools? best GEO platforms for brands/ how to monitor AI search mentions?,us,"Survey,YT",0,0%,131,6,4,-,7,0,2,0,0,0,1,0,0,0,6,0,7,0,0,0,1,0,2,1,0,0,3,0,7,1,1,0,4,0,0,0,0,0,0,0
check brand visibility in chatgpt,us,"Funnel - MoFu 🥤,YT",0,0%,118,-,-,-,2,3,0,0,0,0,0,2,0,1,0,0,0,0,0,0,0,0,0,2,1,1,0,0,2,2,0,0,0,0,0,0,0,0,0,0
What is a Generative Engine Optimization Audit Tool,us,"Press PoC,YT",5,50%,108,3,1,4,0,0,0,0,0,0,0,0,0,0,0,0,0,0,0,0,0,0,0,0,0,0,0,0,0,0,0,0,0,0,0,0,0,0,0,0
AI search monitoring best practices,us,"Funnel - MoFu 🥤,monitoring,YT",0,0%,155,-,-,-,0,0,1,0,1,0,0,0,0,0,2,0,2,0,0,1,0,0,0,0,0,0,0,0,1,2,0,0,0,0,0,0,0,0,0,0
Explain the concept of Generative Engine Optimization,us,"Funnel - MoFu 🥤,Funnel - ToFu 👩🏻‍🍳,Optimierung 1,YT",2699,42%,135,-,-,-,0,0,0,0,0,0,0,0,0,0,0,0,0,0,0,0,0,0,0,0,0,0,0,0,0,0,0,0,0,0,0,0,0,0,0,0
How often does ChatGPT cite my website?,us,"Survey,YT",0,0%,111,-,-,-,0,1,0,0,0,0,0,0,0,0,0,0,0,0,0,0,0,0,0,1,0,0,0,0,0,0,0,0,0,0,0,0,0,0,0,0
AI Search Visibility for Enterprise Software,us,"Press PoC,YT",0,0%,129,4,1,7,0,0,0,0,0,0,0,0,0,0,0,0,1,1,0,0,0,0,0,0,0,0,0,0,4,6,0,0,2,0,0,0,0,0,0,0
I would use keywords that was in my website and make it search it. Also prompt AI to search specific things that only my website has,us,"Survey,YT",0,0%,31,-,-,-,0,0,0,0,0,0,0,1,0,0,0,0,0,0,0,0,0,0,0,0,0,0,0,0,0,1,0,0,0,0,0,0,0,0,0,0
"I have a brand which is designed to ""this and that"" works. Can you help me with finding a tool for optimizing my brand by AI search. Help me step by step with full guide.",us,"Survey,YT",0,0%,157,2,5,-,6,0,0,0,0,0,0,0,0,0,1,0,4,0,0,0,0,0,0,0,0,0,2,0,5,2,2,0,5,0,0,0,0,0,0,0
How can I conduct keyword research for AI-powered search experiences?,us,"Funnel - MoFu 🥤,YT",0,0%,153,-,-,-,6,0,0,0,0,1,0,5,0,0,0,0,0,0,0,0,0,0,1,0,0,0,0,0,7,5,0,0,1,0,0,0,0,0,0,0
is it best llm optimization tools for ai visibility,us,"Funnel - BoFu 💲,Funnel - MoFu 🥤,Funnel - ToFu 👩🏻‍🍳,YT",0,0%,127,6,1,-,3,0,0,0,1,0,1,0,0,1,5,0,3,0,0,0,0,0,1,0,0,0,0,0,5,1,4,1,2,0,0,0,1,0,0,0
Agency software to track AI answer rankings?,us,"Agencies,YT",0,0%,139,1,9,-,3,0,2,0,0,0,1,0,0,0,2,0,3,0,4,6,1,0,6,2,0,0,1,1,5,0,1,0,3,0,0,0,0,0,1,0
Enterprise AI search monitoring solutions,us,"Funnel - MoFu 🥤,monitoring,YT",0,0%,148,6,3,8,4,0,2,0,3,0,0,0,0,0,7,0,7,0,2,6,0,0,1,0,0,0,1,0,5,1,0,0,0,0,0,0,1,0,0,0
Best tools for LLM brand monitoring,us,"Funnel - BoFu 💲,monitoring,YT",0,0%,134,6,3,-,6,0,0,0,1,0,0,0,0,0,7,0,2,0,0,0,0,0,4,0,0,0,6,0,7,6,0,0,0,0,0,0,0,0,1,0
"What are the best AI search analytics for tracking my website visibility on AI generated results like Chat GPT? Are there any tools that help improve generative engine optimization for increased brand exposure? How can I monitor, manage and optimise my content for AI search engine?",us,"Analytics,Survey,YT",0,0%,146,6,1,2,4,0,1,0,0,0,0,0,0,2,2,0,5,0,0,2,2,0,2,3,0,0,2,0,6,0,3,0,6,1,0,0,0,0,0,0
how to stop AI from giving wrong info about my company,us,"Funnel - ToFu 👩🏻‍🍳,YT",0,0%,117,-,-,-,0,0,0,0,0,0,0,0,0,3,0,0,0,0,0,0,0,0,0,0,0,0,0,0,0,0,0,0,0,0,0,0,0,0,0,0
how do I monitor brand reputation in AI generated search results,us,"Survey,YT",0,0%,146,2,4,2,5,0,0,0,0,0,1,1,0,0,1,0,2,0,0,0,3,0,0,0,0,0,0,0,5,5,0,0,1,0,0,0,0,0,0,0
best ai search monitoring tool for SEO professionals,us,"monitoring,Press PoC,YT",0,0%,156,5,5,2,5,0,1,0,0,0,2,0,1,0,7,0,2,0,6,5,2,0,7,1,0,0,1,0,7,2,2,0,1,0,0,0,0,0,0,0
software for llm visibility,us,"Funnel - BoFu 💲,Funnel - MoFu 🥤,Funnel - ToFu 👩🏻‍🍳,YT",0,0%,132,2,3,-,2,0,0,0,1,0,0,0,0,0,3,0,2,0,0,0,0,0,1,0,0,0,2,0,5,0,1,0,0,1,0,0,0,0,0,0
Best AI Search Monitoring Tool for inhouse marketing teams,us,"Marketing Teams,monitoring,YT",0,0%,139,7,1,4,3,0,2,0,1,0,1,0,1,1,7,0,4,0,0,1,1,0,4,1,0,0,5,0,6,2,0,0,5,0,0,0,1,0,1,0
How to find off page gaps for AI Visibility?,us,"Funnel - MoFu 🥤,YT",0,0%,101,1,3,-,5,1,0,0,0,0,0,0,0,0,0,1,0,0,0,0,0,0,0,0,0,0,0,0,6,8,0,1,0,0,0,0,0,1,0,0
how to check brand mentions in ChatGPT,us,"Funnel - ToFu 👩🏻‍🍳,YT",0,0%,125,-,-,-,2,4,0,0,0,0,5,6,0,0,0,0,0,0,0,0,0,0,1,4,0,0,0,0,1,1,0,0,0,0,0,0,0,0,0,0
ai visibility analytics tools brand mentions,us,"Analytics,Funnel - BoFu 💲,Funnel - MoFu 🥤,Funnel - ToFu 👩🏻‍🍳,YT",0,0%,169,7,1,1,7,0,0,0,0,0,1,0,0,0,6,0,4,1,1,0,1,0,4,0,0,0,0,0,7,2,0,0,3,0,1,0,0,0,0,0
Top Generative Engine Optimization Tools in Germany,us,"Press PoC,YT",0,0%,106,6,3,6,1,0,5,0,0,0,0,0,0,0,7,0,4,0,0,0,1,0,0,0,1,0,3,1,7,0,1,0,4,0,0,0,0,0,0,0
"What are tools that are specific to the new metrics of AI-driven search, which focuses on citations, mentions, and Share of Voice (SOV), rather than just traditional search rankings.",us,"Survey,YT",0,0%,180,5,3,-,6,0,2,0,1,0,1,0,0,0,5,0,4,0,1,1,1,0,4,0,0,0,2,0,7,1,2,1,2,0,3,0,1,0,0,0
i would say or ask it if the ai knows of any specific solution and i it knows the company which gives the solutions,us,"Survey,YT",0,0%,166,-,-,-,0,0,0,0,0,0,0,0,0,0,0,0,0,0,0,0,0,0,0,0,0,0,0,0,0,0,0,0,0,0,0,0,0,0,0,0
need to track company reputation in ai tools,us,"Funnel - ToFu 👩🏻‍🍳,YT",0,0%,170,4,3,2,6,0,0,0,0,0,0,0,0,0,1,0,2,0,0,0,1,0,3,0,0,0,0,0,5,0,1,0,2,0,0,0,0,0,0,0
Find and tell me brand-centric Generative Engine Optimization Tools,us,"Survey,YT",0,0%,143,7,1,-,5,0,6,0,0,0,0,0,0,0,5,0,3,3,0,0,5,0,0,2,0,0,4,0,6,1,0,0,6,0,0,0,0,0,1,0
"FIND A TOOL THAT TRACKS MY BRAND VISIBILITY ACROSS ALL PLATFORMS, BENCHMARK IT AGAINST COMPETITORS AND PROVIDE ACTIONABLE RECOMMENDATIONS FOR IMPROVEMENT",us,"Survey,YT",0,0%,154,3,3,-,6,0,0,0,0,0,0,0,0,0,1,0,0,0,0,0,1,0,2,0,0,0,1,1,5,0,0,0,0,0,1,0,0,0,0,0
seo tools with perplexity support,us,YT,0,0%,146,3,3,-,5,0,0,0,1,0,3,0,0,0,1,0,2,0,2,0,0,0,3,2,0,0,0,0,7,0,3,0,0,0,0,0,1,0,0,0
top-rated solutions for tracking brand visibility across generative ai,us,"Funnel - BoFu 💲,Funnel - MoFu 🥤,Funnel - ToFu 👩🏻‍🍳,YT",0,0%,131,5,5,-,7,0,2,0,1,0,2,2,0,0,6,0,7,0,0,0,2,0,1,0,0,0,4,0,7,3,0,0,2,0,1,0,0,0,0,0
Award-Winning AI Search Monitoring Platform,us,"monitoring,Press PoC,YT",0,0%,140,7,1,13,0,1,2,0,0,0,0,0,0,0,1,0,4,0,1,4,0,0,0,0,0,0,0,0,1,0,0,0,0,0,0,0,0,0,0,0
tools that track brand visibility across multiple ai platforms,us,"Funnel - BoFu 💲,Funnel - MoFu 🥤,Funnel - ToFu 👩🏻‍🍳,YT",0,0%,142,5,4,2,7,1,0,0,0,0,0,0,0,0,4,0,6,0,0,0,0,0,2,1,0,0,3,0,7,4,0,0,2,0,0,0,0,0,0,0
tools for measuring brand visibility in llms,us,"Funnel - BoFu 💲,Funnel - MoFu 🥤,Funnel - ToFu 👩🏻‍🍳,YT",0,0%,138,6,3,-,4,0,0,0,0,0,1,0,0,0,7,0,4,0,0,0,0,0,2,0,0,0,3,0,7,7,1,0,0,0,0,0,0,0,0,0
help me with the best AI tools I can use to identify relevant AI search for analytics and optimization tools,us,"Analytics,Survey,YT",5,0%,171,1,10,-,4,3,1,0,0,0,0,0,0,0,1,0,4,0,2,2,2,0,1,0,0,0,5,0,4,1,3,0,4,0,2,0,0,0,0,0
top-rated tools for monitoring brand visibility across chatgpt and perplexity,us,"monitoring,YT",0,0%,132,5,5,-,7,0,0,0,1,0,0,0,0,0,7,0,6,0,0,0,0,0,2,0,0,0,5,0,7,3,0,0,1,0,5,0,0,0,0,0
AI search optimization strategies,us,"Funnel - MoFu 🥤,YT",440,85%,140,-,-,-,0,0,0,0,0,0,0,0,0,0,0,0,0,0,0,0,0,0,0,0,0,0,0,0,1,3,0,0,0,4,0,0,0,0,0,0
what is llm brand tracking,us,"Funnel - MoFu 🥤,YT",0,0%,121,-,-,-,0,0,0,0,0,0,0,0,0,0,0,0,0,0,0,0,0,0,0,0,0,0,0,0,0,0,0,0,0,0,0,0,0,0,0,0
best tool for llm visibility,us,"Funnel - BoFu 💲,Funnel - MoFu 🥤,Funnel - ToFu 👩🏻‍🍳,YT",0,0%,104,5,1,-,3,0,0,0,2,0,0,0,0,0,3,0,2,0,0,0,0,0,1,0,0,0,1,0,5,1,2,0,1,0,1,0,0,0,1,0
ai brand visibility tracking software,us,YT,0,0%,130,4,5,-,7,0,0,0,0,0,0,0,0,0,5,0,6,0,0,0,0,0,3,0,0,0,0,0,7,1,0,0,4,0,1,0,1,0,0,0
what is an ai search monitoring tool,us,"Funnel - MoFu 🥤,monitoring,YT",0,0%,154,-,-,5,0,5,0,0,0,0,0,0,0,0,0,0,0,0,0,0,0,0,0,1,0,0,0,0,0,0,0,0,0,0,0,0,0,0,0,0
best platform for ai search optimization with chatgpt that can show me how chatgpt sees my brand,us,YT,0,0%,159,1,5,-,4,0,0,0,0,0,1,0,0,0,0,0,5,0,0,0,0,0,4,4,0,0,0,0,4,1,0,0,1,0,0,0,0,0,0,0
how to see if ai models mention my company,us,"Funnel - ToFu 👩🏻‍🍳,YT",0,0%,133,-,-,-,0,2,0,0,0,0,0,0,0,0,0,0,0,0,0,0,0,0,0,0,0,0,0,0,2,3,0,0,0,0,0,0,0,0,0,0
what is Generative Engine Optimization,us,"Funnel - ToFu 👩🏻‍🍳,Optimierung 1,YT",2699,105%,75,-,-,-,0,0,0,0,0,0,0,0,0,1,0,0,0,0,0,0,0,0,0,0,0,0,0,0,0,0,0,0,0,0,0,0,0,0,0,0
Generative engine optimization tutorial,us,"Funnel - ToFu 👩🏻‍🍳,YT",0,0%,90,-,-,-,0,0,0,0,0,0,0,0,0,0,0,0,0,1,0,0,0,0,0,0,0,0,0,0,0,0,0,0,0,0,0,0,0,0,0,0
ai-powered brand visibility tracking tools,us,"Funnel - BoFu 💲,Funnel - MoFu 🥤,Funnel - ToFu 👩🏻‍🍳,YT",0,0%,158,5,3,-,7,1,0,0,0,0,0,0,0,0,5,0,5,0,0,0,0,0,5,0,0,0,3,0,6,0,1,0,2,0,0,0,1,0,1,0
ai visibility optimization,us,"Funnel - MoFu 🥤,Funnel - ToFu 👩🏻‍🍳,YT",45,125%,133,-,-,-,0,0,0,0,0,0,0,0,0,0,0,0,0,0,0,0,0,0,0,0,0,0,0,0,1,8,0,0,0,0,0,0,0,0,0,0
Ai tools to track brand visibility in Ai search best GEO platforms,us,"Survey,YT",0,0%,133,6,3,-,6,0,1,0,1,0,1,0,0,0,7,0,5,0,3,3,0,0,4,0,0,0,2,0,7,1,4,0,3,0,2,0,0,0,1,0
Best solutions for Google AI overviews tracking,us,"Funnel - BoFu 💲,YT",0,0%,138,1,9,-,2,0,0,0,3,0,4,8,2,2,0,0,0,0,0,0,0,0,2,0,1,0,0,0,4,2,0,0,0,0,6,0,2,1,0,0
Why is my brand not showing in AI search results?,us,"Funnel - ToFu 👩🏻‍🍳,YT",0,0%,104,-,-,-,0,0,0,0,0,0,0,0,0,2,0,0,0,0,0,0,0,0,0,0,0,0,0,0,0,5,0,0,0,0,0,0,0,0,0,0
best-rated software for ai visibility,us,"Funnel - BoFu 💲,Funnel - MoFu 🥤,Funnel - ToFu 👩🏻‍🍳,YT",0,0%,119,6,1,-,6,0,0,0,2,0,0,0,3,4,5,0,3,0,0,0,2,0,1,0,0,0,3,0,6,2,3,0,4,0,0,0,0,0,0,0
Best AI tools to track brand visibility in generative search.,us,"Survey,YT",0,0%,135,6,2,-,4,1,2,0,0,0,4,3,0,0,4,0,6,0,0,1,2,0,4,2,0,0,4,0,7,2,1,0,3,0,1,0,0,0,0,0
find ai search monitoring solution,us,"Funnel - ToFu 👩🏻‍🍳,monitoring,YT",0,0%,158,6,1,7,3,2,0,0,0,0,1,0,0,0,4,0,3,0,0,1,2,0,3,2,0,0,3,0,6,2,1,0,5,0,0,0,1,0,3,0
best ai optimization solutions for visibility,us,"Funnel - BoFu 💲,Funnel - MoFu 🥤,Funnel - ToFu 👩🏻‍🍳,YT",0,0%,119,2,7,-,4,0,0,0,4,0,0,0,1,5,2,0,1,0,1,0,1,0,3,0,0,0,0,0,7,3,6,0,4,0,0,0,0,0,0,0
looking for improved llm brand monitor,us,"Funnel - ToFu 👩🏻‍🍳,YT",0,0%,132,5,1,-,5,0,0,0,2,0,0,0,0,0,5,0,2,0,0,0,0,0,0,0,0,0,3,0,5,6,0,0,0,0,0,0,0,0,0,0
what tools track whether brand shows up?,us,"Survey,YT",240,112%,150,4,3,-,7,0,0,0,0,0,1,0,0,0,2,0,3,0,0,0,0,0,3,0,0,0,2,0,5,2,0,0,3,0,0,0,0,0,0,0
best ai brand visibility tools,us,"Funnel - BoFu 💲,Funnel - MoFu 🥤,Funnel - ToFu 👩🏻‍🍳,YT",0,0%,137,6,1,-,5,1,1,0,0,0,1,0,0,0,6,0,6,0,0,0,0,0,1,0,0,0,4,0,6,0,0,0,1,0,0,0,0,0,0,0
what are the best platforms for monitoring performance in ai search results,us,"monitoring,YT",0,0%,125,4,5,1,6,0,1,0,1,0,0,0,0,0,7,0,2,0,0,3,2,0,2,0,1,0,1,0,6,1,1,0,5,0,0,0,0,0,1,0
ai-powered brand monitoring,us,"Funnel - BoFu 💲,Funnel - MoFu 🥤,Funnel - ToFu 👩🏻‍🍳,monitoring,YT",35,-25%,119,3,4,2,6,0,0,0,0,0,0,0,0,0,2,0,5,0,0,0,0,0,2,0,0,0,1,0,6,2,0,0,1,0,0,0,0,0,0,0
What is AI search monitoring and how can it benefit my business?,us,"Funnel - MoFu 🥤,monitoring,YT",0,0%,140,-,-,-,0,0,0,0,0,0,0,0,0,0,0,0,0,0,0,0,0,0,0,0,0,0,0,0,1,1,0,0,0,0,0,0,0,0,0,0
"""top-rated solutions for tracking brand visibility across generative ai",us,YT,0,0%,118,5,4,-,2,0,2,0,1,0,2,2,0,0,7,0,6,0,0,1,2,0,3,0,0,0,3,0,7,1,0,0,1,0,1,0,0,0,0,0
what are the best AI search analytics tools for tracking brand visibility on AI search engines?,us,"Analytics,Survey,YT",0,0%,169,5,6,-,7,1,2,0,0,0,1,0,0,2,6,0,7,0,3,3,0,0,6,3,0,0,2,0,6,0,0,0,2,2,1,0,0,0,0,0
What is ai search tracking,us,"Funnel - MoFu 🥤,YT",55,83%,130,-,-,-,0,3,0,0,0,0,0,3,0,0,0,0,0,0,0,0,0,0,0,0,0,0,0,0,0,0,0,0,0,0,0,0,0,0,0,0
ai overviews tracking tools,us,YT,0,0%,181,1,7,-,3,1,0,0,1,0,1,0,0,0,0,0,2,0,0,0,0,0,5,0,0,0,1,0,3,0,1,0,0,0,5,0,2,0,0,0
"What software lets me see which articles, review sites, and social profiles LLMs cite most when recommending tools in my category?",us,"Competitors,YT",0,0%,146,4,5,-,6,0,0,0,0,0,1,2,0,0,6,0,2,0,0,0,0,0,0,0,0,0,0,0,5,4,0,1,5,0,1,0,0,0,2,0
best google ai overviews tracking tools,us,YT,0,0%,133,1,7,-,3,0,0,0,2,0,1,0,0,0,1,0,1,0,0,0,0,0,5,0,0,0,0,0,6,0,0,0,0,0,5,0,2,0,0,0
AI brand tracking tool features,us,"Funnel - MoFu 🥤,YT",0,0%,99,-,-,-,1,0,0,0,0,0,0,0,0,0,0,0,1,0,0,0,0,0,0,0,0,0,0,0,2,0,0,0,2,0,0,0,0,0,1,0
how to use ai for brand monitoring,us,"Funnel - ToFu 👩🏻‍🍳,monitoring,YT",0,0%,136,1,5,2,3,0,0,0,0,0,0,0,0,0,2,0,2,0,0,0,0,0,0,0,0,0,0,1,4,3,0,0,0,0,0,0,0,0,0,0
ai visibility optimization software,us,"Funnel - BoFu 💲,Funnel - MoFu 🥤,Funnel - ToFu 👩🏻‍🍳,YT",0,0%,138,6,2,3,1,0,0,0,1,0,0,0,0,3,1,0,5,0,0,0,1,0,0,0,0,0,0,0,7,4,4,0,6,0,0,0,0,0,0,0
I would use Chat GPT in looking for better options,us,"Survey,YT",0,0%,122,-,-,-,0,0,0,0,0,0,0,0,0,0,0,0,0,0,0,0,0,0,0,0,0,0,0,0,0,2,0,0,1,0,0,0,0,0,0,0
best ai solutions for visibility optimization,us,YT,0,0%,135,5,3,-,3,0,2,0,6,0,0,0,2,6,3,0,3,0,0,0,1,0,1,0,0,0,1,0,7,5,4,0,5,0,0,0,0,0,0,0
"First of all, list down top AI powered tools for search analytics and optimization. What are emerging AI search analytics tools in this year? Evaluate the AI features among these tools based on data privacy, workflows, search capabilities and analytic features.",us,"Analytics,Survey,YT",0,0%,142,3,8,-,7,0,0,0,1,0,0,0,0,0,4,0,4,1,1,0,2,0,7,0,0,0,3,0,7,2,7,0,6,0,1,0,0,0,0,0
best options for ai monitoring and behavior tracking,us,"monitoring,YT",0,0%,132,-,-,-,0,0,0,0,0,0,0,0,0,0,0,0,0,0,0,0,0,0,0,0,0,0,0,0,0,0,0,0,0,0,0,0,0,0,0,0
Which generative engine optimization platforms help monitor website ranking,us,"Survey,YT",0,0%,136,6,1,-,6,0,1,0,1,0,0,0,0,0,3,0,2,0,0,1,4,0,4,3,0,0,5,0,4,0,0,0,5,0,0,0,0,0,0,0
best ai visibility tracker,us,"Funnel - BoFu 💲,Funnel - MoFu 🥤,Funnel - ToFu 👩🏻‍🍳,YT",0,0%,143,3,7,-,5,0,1,0,0,0,2,0,1,3,6,0,0,0,5,8,1,0,7,4,1,0,1,0,7,2,4,0,1,0,0,0,0,0,0,0
what are the key features of effective ai brand monitoring solutions?,us,"Funnel - MoFu 🥤,monitoring,YT",0,0%,116,-,-,1,0,0,0,0,0,0,0,0,0,0,0,0,0,0,0,0,0,0,0,0,0,0,0,0,0,0,0,0,0,0,0,0,0,0,0,0
Which AI search analytics solution offers dashboards and CSV/API exports so agencies can report LLM visibility and sentiment to multiple clients?,us,"Analytics,Competitors,YT",0,0%,114,2,3,-,0,0,0,0,0,0,0,0,0,0,7,0,6,0,0,0,0,0,0,0,0,0,0,0,1,1,0,0,0,0,0,0,0,0,0,0
Best Award-Winning AI Search Monitoring Platform,us,"monitoring,Press PoC,YT",0,0%,128,7,1,4,4,2,2,0,0,0,0,0,0,0,6,0,5,0,0,2,1,0,1,0,0,0,2,0,6,0,0,0,1,0,0,0,1,0,0,0
Impact of AI search on digital marketing,us,"Funnel - ToFu 👩🏻‍🍳,YT",0,0%,153,-,-,-,0,0,0,0,0,1,0,0,0,0,0,0,1,0,0,0,0,0,0,0,0,0,0,0,0,0,0,0,1,0,0,0,0,0,0,0
How can I monitor how my website is performing on AI-powered search engine,us,"Survey,YT",0,0%,151,1,6,2,1,0,0,0,0,0,2,2,0,0,1,0,3,0,1,1,2,0,3,4,0,0,1,0,2,1,0,0,0,0,0,0,0,0,0,0
Perplexity AI not citing my website,us,"Funnel - ToFu 👩🏻‍🍳,YT",0,0%,142,-,-,-,0,0,0,0,0,0,0,0,0,0,0,0,0,0,0,0,0,0,0,0,0,0,0,0,0,0,0,0,0,0,0,0,0,0,0,0
Why is Generative Engine Optimization becoming important now?,us,"Funnel - MoFu 🥤,Funnel - ToFu 👩🏻‍🍳,YT",0,0%,146,-,-,-,0,0,0,0,0,0,0,0,0,0,0,0,0,0,0,0,0,0,0,0,0,0,0,0,0,0,0,0,0,0,0,0,0,0,0,0
what ai says about my brand tracking,us,"Funnel - MoFu 🥤,Funnel - ToFu 👩🏻‍🍳,YT",0,0%,115,-,-,-,1,0,0,0,0,0,0,1,0,0,0,0,0,0,0,0,0,0,0,0,0,0,0,0,1,0,0,0,0,0,0,0,0,0,0,0
Best AI search analytics tools for brand visibility optimization.,us,"Analytics,Survey,YT",0,0%,142,5,4,-,7,0,2,0,0,0,0,0,0,0,5,0,7,0,0,1,0,0,3,0,0,0,3,0,6,2,1,0,3,0,0,0,0,0,0,0
track brand mentions in llm responses,us,"Funnel - MoFu 🥤,YT",0,0%,130,3,2,-,0,0,0,0,0,0,3,2,0,0,6,0,1,0,0,0,0,0,1,0,0,0,0,0,1,4,0,0,1,0,0,0,0,0,0,0
ai brand visibility tracking tools,us,"Funnel - BoFu 💲,Funnel - MoFu 🥤,Funnel - ToFu 👩🏻‍🍳,YT",0,0%,141,6,2,-,7,0,1,0,0,0,1,0,0,0,6,0,5,0,0,0,0,0,5,0,0,0,2,0,5,2,0,0,2,0,1,0,1,0,0,0
Monitor AI search mentions and citations,us,"Funnel - MoFu 🥤,YT",0,0%,153,5,2,1,5,1,0,0,0,0,3,2,0,0,5,0,6,0,0,0,0,0,2,0,0,0,3,3,5,1,0,0,0,0,2,0,0,0,0,0
Key components of a Generative Engine Optimization strategy,us,"Funnel - MoFu 🥤,YT",70,100%,113,-,-,-,0,0,0,0,0,0,0,0,0,0,0,0,0,0,0,0,0,0,0,0,0,0,0,0,0,0,0,0,0,0,0,0,0,0,0,0
best llm optimization options for ai visibility tools,us,"Funnel - BoFu 💲,Funnel - MoFu 🥤,Funnel - ToFu 👩🏻‍🍳,YT",0,0%,164,6,2,-,1,0,2,0,3,0,0,0,0,0,7,0,6,0,0,0,0,0,1,0,0,0,0,0,2,2,1,0,2,0,0,0,0,0,0,0
AI visibility checker,us,"Survey,YT",295,-84%,120,-,-,-,7,9,0,0,0,0,0,0,0,0,0,0,0,0,0,0,0,0,0,0,0,0,0,0,0,5,0,0,0,0,0,0,0,0,0,0
best ai-powered platforms for monitoring brand positioning in google’s ai,us,"Funnel - BoFu 💲,Funnel - MoFu 🥤,Funnel - ToFu 👩🏻‍🍳,monitoring,YT",0,0%,138,6,4,1,7,0,1,0,1,0,1,1,0,0,4,0,7,0,0,0,0,0,3,0,0,0,0,0,7,0,0,0,0,0,0,0,0,0,0,0
Best AI search tracking software,us,"Funnel - ToFu 👩🏻‍🍳,YT",0,0%,129,5,2,-,4,0,3,0,0,0,1,0,0,4,4,0,3,0,5,5,1,0,6,1,0,0,1,0,5,0,4,0,3,0,0,0,0,0,0,0
how to monitor brand visibility in ai,us,"Funnel - MoFu 🥤,YT",0,0%,135,-,-,-,4,1,0,0,0,0,0,0,0,0,3,0,3,0,0,0,0,0,0,0,0,0,1,0,5,6,0,0,1,0,0,0,0,0,0,0
best tools for monitoring ai overviews,us,"monitoring,YT",5,200%,155,2,3,-,3,0,0,0,1,0,0,0,0,0,2,0,2,0,0,0,0,0,2,0,0,0,1,0,3,0,0,0,0,0,2,0,1,0,0,0
ai brand visibility checker,us,YT,5,0%,105,-,-,-,7,8,0,0,0,0,0,0,0,0,0,0,0,0,0,0,0,0,0,0,0,0,0,0,7,16,0,0,0,0,0,0,0,0,0,0
I would look for AI Search Analytics and Optimization tools.,us,"Analytics,Survey,YT",0,0%,156,3,7,-,7,0,1,0,2,0,0,0,0,0,1,0,3,0,4,2,1,0,3,1,0,0,6,0,7,2,7,0,6,0,1,0,0,0,0,0
ai visibility tracking tool,us,"Funnel - BoFu 💲,Funnel - MoFu 🥤,Funnel - ToFu 👩🏻‍🍳,YT",5,0%,140,3,4,2,1,0,1,0,0,0,0,1,0,3,1,0,4,0,0,0,2,0,4,4,0,0,0,0,6,8,2,0,3,0,0,0,0,0,0,0
How to improve AI search visibility,us,"Funnel - MoFu 🥤,YT",5,-75%,140,-,-,-,0,0,0,0,0,0,0,0,0,0,0,0,0,0,0,0,0,0,0,0,0,0,0,0,0,3,0,0,0,0,0,0,0,0,0,0
need tool for ai search visibility,us,"Funnel - BoFu 💲,YT",240,-78%,144,2,8,3,3,0,0,0,0,0,1,0,2,5,3,0,5,0,0,1,0,0,5,6,0,0,0,0,7,11,4,0,6,0,0,0,0,0,0,0
Platforms that monitor AI generated mentions or inaccuracies about my company.,us,"Survey,YT",0,0%,170,4,4,1,6,0,0,0,0,0,1,0,0,0,2,0,5,0,0,0,0,0,4,0,0,0,0,0,7,0,2,0,1,0,0,0,0,0,0,0
What are the benefits of Generative Engine Optimization?,us,"Funnel - MoFu 🥤,Funnel - ToFu 👩🏻‍🍳,YT",0,0%,153,-,-,-,0,0,0,0,0,0,0,0,0,0,0,0,0,0,0,0,0,0,0,0,0,0,0,0,0,0,0,0,0,0,0,0,0,0,0,0
best ai search monitoring tool,us,"Funnel - BoFu 💲,monitoring,Press PoC,YT",0,0%,147,5,1,6,4,2,3,0,0,0,1,0,0,0,5,0,3,0,1,2,0,0,2,0,0,0,2,0,3,0,0,0,3,0,4,0,1,0,1,0
What is the best platform to use to tell me how vidivile my brand is on the AI search?,us,"Survey,YT",0,0%,152,2,6,1,7,3,0,0,0,0,1,1,0,0,3,1,6,0,1,1,0,0,3,2,0,0,0,0,7,6,0,0,1,0,0,0,0,0,0,0
how to find brand risks in AI responses,us,"Funnel - ToFu 👩🏻‍🍳,YT",0,0%,136,-,-,-,0,1,0,0,0,1,0,0,0,0,0,0,0,0,0,0,0,0,0,0,0,0,0,0,0,0,0,0,0,0,0,0,0,0,0,0
track brand mentions in ai,us,"Funnel - BoFu 💲,Funnel - MoFu 🥤,Funnel - ToFu 👩🏻‍🍳,YT",0,0%,161,2,4,-,6,0,0,0,0,0,0,0,0,0,4,0,1,0,0,0,0,0,1,0,0,0,1,0,6,2,0,0,0,0,0,0,0,0,0,0
what is the best AI search monitoring software,us,"Funnel - BoFu 💲,monitoring,YT",0,0%,133,7,1,2,6,4,4,0,0,0,0,0,1,1,5,0,6,0,2,3,1,0,2,2,0,0,2,0,6,1,1,0,2,0,3,0,1,0,0,0
What does Generative Engine Optimization (GEO) entail?,us,"Funnel - MoFu 🥤,Funnel - ToFu 👩🏻‍🍳,YT",440,106%,119,-,-,-,0,0,0,0,0,0,0,0,0,0,0,0,0,0,0,0,0,0,0,0,0,0,0,0,0,0,0,0,0,0,0,0,0,0,0,0
Brand mentions missing from ChatGPT responses,us,"Funnel - ToFu 👩🏻‍🍳,YT",0,0%,106,-,-,-,0,5,0,0,0,0,0,0,0,0,0,0,0,0,0,0,0,0,0,0,0,0,0,0,0,0,0,0,0,0,0,0,0,0,0,0
improve visibility in perplexity,us,"Funnel - MoFu 🥤,YT",0,0%,133,-,-,-,0,0,0,0,0,0,0,4,0,1,0,0,0,0,0,0,0,0,0,0,0,0,0,0,0,6,0,0,0,0,0,0,0,0,0,0
What are the Top Generative Engine Optimization Tools in Germany,us,"Press PoC,YT",0,0%,133,7,1,7,2,0,4,0,2,0,0,0,0,0,6,0,6,0,0,0,1,0,0,0,1,0,3,1,7,0,0,0,5,0,0,0,0,0,1,0
What does Generative Engine Optimization mean?,us,"Funnel - MoFu 🥤,Funnel - ToFu 👩🏻‍🍳,YT",10,100%,117,-,-,-,0,0,0,0,0,0,0,0,0,1,0,0,0,0,0,0,0,0,0,0,0,0,0,0,0,0,0,0,0,0,0,0,0,0,0,0
How to check if ChatGPT triggers a web search?,us,"Funnel - ToFu 👩🏻‍🍳,YT",0,0%,129,4,1,6,0,0,0,0,0,0,0,0,0,0,0,0,0,0,0,0,0,0,0,0,0,0,0,0,0,1,0,0,0,0,0,0,0,0,0,0
how to improve brand mentions in chatgpt and perplexity ai responses?,us,"Funnel - MoFu 🥤,YT",0,0%,141,-,-,-,0,1,0,0,0,0,0,0,0,0,0,0,0,0,0,0,0,0,0,0,0,0,0,0,0,1,0,0,0,0,0,0,0,0,0,0
"As a marketing manager looking for the right AI Search Analytics & Generative Engine Optimization tools , I would use very targeted prompts in ChatGPT.",us,"Analytics,Survey,YT",0,0%,136,5,2,-,5,0,0,0,0,0,0,0,0,0,4,0,1,0,1,0,3,0,2,0,0,0,3,0,7,4,1,0,5,0,0,0,0,0,0,0
"What is the best AI search analytics platform to track my brand’s visibility, position, and sentiment across ChatGPT, Perplexity, and other LLMs?",us,"Analytics,Competitors,YT",0,0%,148,4,5,1,7,0,0,0,0,0,0,0,0,0,7,0,5,0,0,0,0,0,2,0,0,0,1,0,6,2,0,0,0,0,1,0,0,0,0,0
ai conversational brand monitoring,us,"Funnel - MoFu 🥤,Funnel - ToFu 👩🏻‍🍳,monitoring,YT",0,0%,131,2,4,-,4,0,0,0,0,0,0,0,0,0,2,0,3,0,0,0,0,0,0,0,0,0,0,0,4,0,0,0,1,0,0,0,0,0,0,0
What vendor would you suggest for brand visibility monitoring in AI searches and LLMs?,us,"Funnel - BoFu 💲,monitoring,YT",0,0%,142,6,2,-,6,0,0,0,2,0,3,3,0,0,6,0,4,0,0,0,0,0,2,0,0,0,2,0,7,5,0,0,1,0,0,0,0,0,1,0
Which AI search optimization tool helps marketing teams track how often their brand is mentioned in AI-generated answers and where citations come from?,us,"Competitors,YT",0,0%,141,4,2,3,2,3,0,0,0,0,0,0,0,0,2,0,5,0,0,1,0,0,0,0,0,0,0,0,0,1,0,0,0,0,0,0,0,0,0,0
Show the best tools that help businesses with ai search,us,"Survey,YT",0,0%,175,1,4,-,0,0,0,0,0,0,1,0,0,0,4,0,3,0,0,0,0,0,1,0,0,0,1,0,1,0,1,0,2,0,0,0,0,0,0,0
most accurate ai visibility metrics software,us,YT,0,0%,142,4,3,1,7,0,1,0,0,0,0,0,0,2,2,0,2,0,0,0,0,0,3,0,0,0,0,0,5,0,0,0,1,0,1,0,2,0,0,0
How to improve AI Search Visibility for Enterprise Software,us,"Press PoC,YT",0,0%,119,4,1,6,0,0,0,0,0,0,0,0,0,0,0,0,3,0,0,0,0,0,0,0,0,0,1,0,1,2,0,0,3,0,0,0,0,0,0,0
How AI affects traditional SEO rankings,us,"Funnel - ToFu 👩🏻‍🍳,YT",0,0%,150,-,-,-,0,4,0,0,0,0,0,0,0,0,0,0,0,0,0,0,0,0,0,0,0,0,0,0,0,1,0,0,0,0,0,0,0,0,0,0
Tools that analyze prompts and content for AI-friendliness and SEO impact.,us,"Survey,YT",0,0%,153,-,-,-,4,3,0,0,0,0,0,1,0,0,1,0,1,0,1,2,2,0,0,0,0,0,0,0,3,4,3,0,5,0,0,0,0,0,0,0
"As a marketing manager, recommend a tool that can help me understand how visible my website is on AI Search.",us,"Survey,YT",240,-78%,120,-,-,2,0,1,0,0,0,0,0,0,0,1,1,0,1,0,1,3,0,0,2,4,0,0,0,0,7,14,0,0,0,0,0,0,0,0,0,0
Best AI Search Monitoring Tool for marketing teams,us,"Marketing Teams,monitoring,YT",0,0%,129,5,2,-,4,0,3,0,0,0,0,0,0,1,5,0,5,0,0,0,0,0,4,0,0,0,5,0,6,6,0,0,4,0,0,0,0,0,1,0
tools for tracking llm brand visibility,us,"Funnel - BoFu 💲,Funnel - MoFu 🥤,Funnel - ToFu 👩🏻‍🍳,YT",0,0%,151,6,3,-,6,0,1,0,0,0,2,0,0,0,7,0,4,0,0,0,0,0,2,0,0,0,5,0,7,5,0,0,1,0,0,0,0,0,1,0
best software for ai visibility in search,us,"Funnel - BoFu 💲,Funnel - MoFu 🥤,Funnel - ToFu 👩🏻‍🍳,YT",0,0%,130,4,5,-,7,0,1,0,0,0,0,0,1,4,6,0,2,0,2,2,0,0,3,1,0,0,1,0,7,5,4,0,6,0,0,0,0,0,0,0
best platforms for analyzing citation data for llmo strategies,us,YT,0,0%,155,1,8,-,2,0,3,0,0,0,0,0,0,0,3,0,5,0,0,0,2,0,0,0,0,0,3,0,2,0,0,0,0,0,0,0,0,0,0,0
seo software for perplexity,us,YT,0,0%,131,-,-,1,5,0,0,0,0,0,1,0,0,1,0,0,2,0,0,0,1,0,2,0,0,1,0,0,6,0,4,0,1,0,0,0,0,0,0,0
most effective competitor analysis platforms for ai search/llm brand visibility,us,YT,0,0%,135,6,5,-,7,0,2,0,1,0,4,0,0,0,7,0,5,0,0,0,2,0,7,0,0,0,5,0,7,3,0,0,2,0,0,0,0,0,0,0
how to rank on ChatGPT,us,"Funnel - ToFu 👩🏻‍🍳,YT",10,20%,136,-,-,-,0,0,0,0,0,0,0,0,0,1,0,0,0,0,0,0,0,0,0,0,0,0,0,0,0,0,0,0,0,4,0,0,0,0,0,0
Agency tools for AI SEO performance tracking?,us,"Agencies,YT",0,0%,150,3,8,-,5,0,0,0,1,0,0,0,0,0,3,0,4,0,1,1,4,0,6,0,0,0,2,0,6,1,4,0,4,0,0,0,0,0,0,0
How can I track my website performance in AI driven search engines,us,"Survey,YT",0,0%,124,1,6,1,3,0,0,0,0,0,1,4,0,1,0,0,4,0,0,1,2,0,5,3,0,0,0,0,3,0,0,0,0,0,0,0,0,0,0,0
best perplexity seo checking tools,us,YT,0,0%,108,5,3,-,7,0,0,0,2,0,1,0,0,0,0,0,2,0,0,0,0,0,4,1,0,0,0,0,7,0,4,0,0,0,0,0,2,0,0,0
best software for ai visibility enhancement,us,"Funnel - BoFu 💲,Funnel - MoFu 🥤,Funnel - ToFu 👩🏻‍🍳,YT",0,0%,135,2,4,-,3,0,1,0,0,0,0,0,2,2,2,0,2,0,0,0,0,0,2,0,0,0,0,0,5,1,3,0,2,0,0,0,0,0,0,0
Tools to analyze ChatGPT search rankings,us,"Survey,YT",0,0%,147,2,7,-,3,1,0,0,0,0,4,0,0,0,1,0,1,0,3,1,1,0,7,1,0,0,0,0,6,1,0,0,3,0,0,0,0,0,0,0
check if llms mention my products correctly,us,"Funnel - ToFu 👩🏻‍🍳,YT",0,0%,109,1,3,-,2,1,0,0,0,0,0,0,0,0,3,0,1,0,0,0,0,0,1,0,0,0,0,0,0,4,0,0,0,0,0,0,0,0,0,0
SEO for ChatGPT,us,"Funnel - MoFu 🥤,YT",240,-26%,124,-,-,-,1,0,0,0,0,0,0,0,0,7,0,0,0,0,0,0,0,0,0,0,0,0,0,0,2,4,0,1,0,1,0,0,0,0,0,0
best seo tools for perplexity ai,us,YT,0,0%,122,3,5,-,7,0,0,0,1,0,1,0,0,0,0,0,4,0,0,0,0,0,1,0,0,0,0,0,7,0,6,0,0,0,0,0,0,0,0,0
services for tracking brand performance on chatgpt,us,"Funnel - BoFu 💲,Funnel - MoFu 🥤,Funnel - ToFu 👩🏻‍🍳,YT",0,0%,143,1,7,-,5,0,0,0,0,0,1,1,0,0,4,0,3,0,0,0,0,0,5,3,0,0,0,0,6,2,0,0,0,0,2,0,0,0,0,0
AI search Visibility checker,us,"Survey,YT",240,-78%,121,-,-,-,6,6,0,0,0,0,0,0,0,0,0,0,0,0,0,0,0,0,0,0,0,0,0,0,4,6,0,0,0,0,0,0,0,0,0,0
best perplexity rank tracker software,us,YT,0,0%,134,4,4,-,5,0,0,0,2,0,2,1,0,0,2,0,3,0,1,6,0,0,5,1,0,0,0,0,5,0,1,0,0,0,0,0,2,0,0,0
"Find tools that track how often my brand appears in ChatGPT answers, monitor AI-generated mentions, compare visibility vs competitors, and detect gaps or inaccuracies in how ChatGPT describes my website.",us,"Survey,YT",0,0%,138,2,7,-,6,0,0,0,0,0,0,2,0,0,4,0,5,0,0,0,1,0,4,5,0,0,0,0,7,1,1,0,1,0,4,0,0,0,0,0
What is the best AI search monitoring tool,us,"Funnel - BoFu 💲,monitoring,Press PoC,YT",0,0%,135,4,5,1,5,5,6,0,1,0,1,0,0,0,7,0,2,0,0,1,0,0,1,1,0,0,2,0,4,0,0,0,1,0,5,0,0,0,1,0
"How can I monitor my brand's visibility on AI search platforms like ChatGPT, Google AI Overviews, and Perplexity?",us,"Funnel - MoFu 🥤,YT",0,0%,158,1,5,5,2,0,0,0,0,0,1,3,0,1,2,0,1,0,0,0,0,0,2,1,0,0,1,0,4,0,0,0,0,0,1,0,0,0,0,0
how to protect my brand in AI search,us,"Funnel - ToFu 👩🏻‍🍳,YT",0,0%,140,-,-,-,0,0,0,0,0,0,0,0,0,0,0,0,0,0,0,0,0,0,0,0,0,0,0,0,0,0,0,0,0,0,0,0,0,0,0,0
how to analyze brand presence in ai,us,"Funnel - MoFu 🥤,YT",0,0%,130,1,5,-,2,4,0,0,0,0,0,0,0,0,0,0,4,0,0,0,0,0,0,0,0,0,4,7,2,3,0,0,0,0,0,0,0,0,0,0
Top rated AI search monitoring tools to buy,us,"Funnel - BoFu 💲,monitoring,YT",20,0%,149,7,1,2,7,6,5,0,2,0,2,0,0,0,7,0,6,0,4,5,5,0,6,0,0,0,3,0,7,0,0,0,2,0,2,0,1,0,0,0
chatgpt visibility tracking,us,"Funnel - MoFu 🥤,YT",0,0%,117,-,-,-,1,2,0,0,0,0,0,0,4,6,0,0,0,0,0,2,0,0,0,0,0,0,0,0,0,1,0,0,0,0,0,0,0,0,0,0
Track brand performance in AI search engines,us,"Funnel - MoFu 🥤,YT",0,0%,160,4,3,2,6,0,2,0,0,0,0,0,1,2,1,0,3,0,0,0,2,0,4,2,0,0,2,0,7,1,0,0,0,1,1,0,0,0,0,0
Best tools to check my brand's visibility in AI search results,us,"Survey,YT",0,0%,137,5,5,-,7,4,1,0,0,0,3,1,0,0,6,0,4,0,1,0,0,0,7,5,0,0,3,0,7,10,1,0,1,0,2,0,0,0,0,0
ai website visibility tracker,us,"Funnel - BoFu 💲,Funnel - MoFu 🥤,Funnel - ToFu 👩🏻‍🍳,YT",0,0%,137,-,-,1,0,1,0,0,0,0,0,0,0,1,0,0,0,0,0,3,0,0,4,9,0,0,0,0,5,8,0,0,2,0,0,0,0,0,0,0
best llm visibility tracker,us,"Funnel - BoFu 💲,Funnel - MoFu 🥤,Funnel - ToFu 👩🏻‍🍳,YT",0,0%,126,4,4,-,5,0,1,0,1,0,0,0,0,0,6,0,3,0,3,3,0,0,0,0,0,0,4,0,7,2,1,0,0,0,0,0,0,0,0,0
AI search visibility monitoring platform for agencies?,us,"Agencies,monitoring,YT",0,0%,118,7,1,9,4,0,0,0,0,0,0,0,0,0,7,0,5,0,1,2,0,0,3,1,0,0,1,0,7,1,0,0,4,0,0,0,0,0,0,0
What tools track my brand in AI search?,us,"Survey,YT",0,0%,130,4,5,1,7,1,1,0,0,0,4,3,0,0,5,0,6,0,1,0,1,0,3,0,0,0,3,0,6,1,1,0,2,0,0,0,0,0,0,0
llm search optimization software,us,YT,0,0%,146,1,3,-,1,0,0,0,0,0,0,0,0,0,0,0,0,1,0,0,0,0,0,0,0,0,0,0,2,0,2,6,0,0,0,0,0,0,0,0
Top AI search analytics platforms for brands visibility.,us,"Analytics,Survey,YT",0,0%,153,7,1,1,6,2,1,0,0,0,1,0,0,0,6,0,7,0,3,5,0,0,3,1,0,0,2,0,7,2,0,0,4,0,0,0,0,0,0,0
best llm visibility trackers,us,"Funnel - BoFu 💲,Funnel - MoFu 🥤,Funnel - ToFu 👩🏻‍🍳,YT",0,0%,150,1,5,-,2,0,0,0,0,0,0,0,0,0,3,0,2,0,0,0,0,0,1,0,1,0,0,0,2,0,0,0,1,1,0,0,0,0,0,0
best llm optimization tools for ai visibility,us,"Funnel - BoFu 💲,Funnel - MoFu 🥤,Funnel - ToFu 👩🏻‍🍳,YT",0,0%,130,7,1,-,1,0,0,0,2,0,0,0,0,0,6,0,6,0,0,0,1,0,1,0,0,0,2,0,5,0,4,0,1,1,0,0,0,0,0,0
"tool of track, best AI search,",us,"Survey,YT",0,0%,159,3,5,-,4,0,3,0,0,0,1,0,0,0,5,0,5,0,3,3,3,0,4,0,0,0,2,0,2,0,2,0,1,0,0,0,0,0,0,0
Best tools to track brand visibility in AI search,us,"Survey,YT",0,0%,136,7,1,-,7,1,1,0,0,0,2,0,0,0,6,0,6,0,2,1,1,0,7,2,0,0,3,0,6,8,0,0,3,0,4,0,1,0,0,0
monitor how my brand appears in ai chats,us,"Funnel - ToFu 👩🏻‍🍳,YT",0,0%,149,-,-,-,2,0,0,0,0,0,1,3,0,0,3,0,2,0,0,0,0,0,0,0,0,0,0,0,2,2,0,0,0,0,0,0,0,0,0,0
What is the best enterprise platform to monitor and improve brand visibility in AI answer engines like ChatGPT and Perplexity?,us,"Competitors,YT",0,0%,163,4,4,1,6,0,0,0,0,0,0,0,0,0,2,0,7,0,0,0,0,0,1,0,0,0,2,0,7,1,0,0,4,0,0,0,0,0,0,0
best seo tools llm performance tracking,us,"Funnel - BoFu 💲,Funnel - MoFu 🥤,Funnel - ToFu 👩🏻‍🍳,YT",0,0%,98,7,1,-,6,0,1,0,0,0,1,2,0,0,4,0,4,0,0,0,1,0,3,0,0,0,1,0,5,0,4,1,2,0,1,0,0,0,0,0
How inhouse marketing teams monitor mentions in AI search?,us,"Marketing Teams,YT",0,0%,131,-,-,4,6,4,0,0,0,0,1,1,0,0,2,0,3,0,0,0,0,0,1,0,0,0,2,0,7,0,0,0,0,0,0,0,0,0,0,0
how to see what AI models say about my websites vs competitors,us,"Survey,YT",0,0%,132,2,6,-,5,3,0,0,0,0,0,1,0,0,4,0,5,0,0,1,0,0,1,0,0,0,0,0,3,3,1,0,5,0,0,0,0,0,0,0
Use targeted queries to discover to AI visibility tools and optimize brand presence.,us,"Survey,YT",0,0%,172,3,7,-,6,2,0,0,1,0,0,0,0,1,5,0,7,0,0,0,0,0,4,1,0,0,1,0,6,2,2,0,5,0,1,0,0,0,0,0
AI search analytics platforms,us,"Analytics,Funnel - BoFu 💲,YT",20,71%,157,6,3,-,6,1,3,0,2,0,0,0,0,0,7,0,7,0,2,5,0,0,1,0,0,0,6,0,6,0,0,0,2,0,0,0,1,0,1,0
What software can enterprises use to understand how AI crawlers access their website and optimize for AI-driven search visibility?,us,"Competitors,YT",0,0%,134,4,2,2,4,0,0,0,0,0,0,0,1,1,0,0,6,0,0,2,0,0,1,0,0,0,2,0,4,7,0,0,4,0,0,0,0,0,0,0
"To research AI search monitoring and generative engine optimization tools, I would use prompts on chatgpt that help me understand how visible my brand.",us,"monitoring,Survey,YT",20,-60%,164,6,2,3,6,0,1,0,0,0,1,1,0,1,4,0,4,0,0,1,4,0,1,6,0,0,5,0,7,2,1,0,4,0,0,0,0,0,1,0
are there industry-specific solutions for monitoring brands in llms?,us,"Funnel - BoFu 💲,Funnel - MoFu 🥤,Funnel - ToFu 👩🏻‍🍳,monitoring,YT",0,0%,136,2,4,1,1,0,0,0,0,0,0,0,0,0,4,0,2,0,0,0,0,0,0,0,0,0,4,0,3,4,0,0,0,0,0,0,0,0,0,0
best chatgpt seo rank tracking software,us,YT,0,0%,133,-,-,-,7,0,0,0,0,0,0,0,0,0,0,0,1,0,3,0,0,0,7,1,0,0,0,0,7,0,1,0,0,0,0,0,0,1,0,0
perplexity seo tracking tools,us,YT,0,0%,120,4,3,-,6,0,0,0,4,0,3,0,0,0,1,0,4,0,3,1,0,0,4,2,0,1,0,0,6,0,0,0,0,0,0,0,2,0,0,0
When does ChatGPT trigger a web search?,us,"Funnel - ToFu 👩🏻‍🍳,YT",0,0%,132,3,1,7,0,0,0,0,0,0,0,0,0,0,0,0,0,1,0,0,0,0,0,0,0,0,0,0,0,0,0,0,0,0,0,0,0,0,0,0
platform that track website citation in AI,us,"Survey,YT",0,0%,146,-,-,-,2,1,1,0,0,0,0,0,5,6,0,0,3,0,0,0,0,0,1,0,0,0,0,3,2,0,0,0,2,0,0,0,0,0,0,0
ai brand visibility tracking,us,"Funnel - BoFu 💲,Funnel - MoFu 🥤,Funnel - ToFu 👩🏻‍🍳,YT",25,87%,141,-,-,-,4,0,0,0,0,0,0,0,0,0,4,0,4,0,0,0,0,0,0,1,0,0,0,0,4,5,0,0,2,0,0,0,0,0,0,0
SEO for ChatGPT - is my website discoverable?,us,"Funnel - MoFu 🥤,YT",0,0%,104,-,-,-,1,0,0,0,0,0,0,0,0,2,0,0,0,0,0,0,0,0,0,2,0,0,0,0,1,4,0,0,0,0,0,0,0,0,0,0
How can I compare my brand’s share of voice and rankings against competitors inside AI-powered search engines like ChatGPT and Claude?,us,"Competitors,YT",0,0%,175,3,2,-,4,0,0,0,0,0,1,1,0,0,0,0,0,0,0,0,0,0,0,0,0,0,0,1,3,1,0,0,1,0,0,0,0,0,0,0
ai overviews analysis software,us,YT,5,-50%,178,-,-,-,0,0,0,0,0,0,0,0,0,0,0,0,0,0,0,0,0,0,1,0,0,0,0,0,0,0,0,0,0,0,0,0,1,0,0,0
Challenges in implementing Generative Engine Optimization,us,"Funnel - MoFu 🥤,YT",0,0%,115,-,-,-,0,0,0,0,0,0,0,0,0,0,0,0,0,0,0,0,0,0,0,0,0,0,0,0,0,0,0,0,0,0,0,0,0,0,0,0
whats the best tool to understand how visable my brand is on AI search,us,"Survey,YT",0,0%,140,6,2,2,6,1,0,0,0,0,1,0,0,0,5,1,5,0,0,0,1,0,4,5,0,0,1,0,7,8,1,0,4,0,0,0,0,0,0,0
looking for tool to audit ai generated brand info,us,"Funnel - ToFu 👩🏻‍🍳,YT",0,0%,185,1,4,-,2,0,0,0,0,0,1,0,0,0,0,0,2,0,0,0,0,0,0,0,0,0,0,0,2,1,0,0,1,2,0,0,0,0,0,0
Track brand mentions in AI search,us,"Survey,YT",0,0%,122,2,5,1,5,0,0,0,0,0,4,3,0,0,1,0,1,0,0,1,0,0,3,1,0,0,0,0,6,1,1,0,0,0,0,0,0,0,0,0
AI visibility monitoring platforms review,us,"Funnel - MoFu 🥤,monitoring,YT",0,0%,136,6,1,-,3,0,0,0,0,0,0,0,0,0,5,0,6,0,0,0,1,0,0,0,0,0,6,0,5,2,1,0,2,2,0,0,0,0,0,0
What are the best ChatGPT monitoring tools,us,"Funnel - BoFu 💲,monitoring,YT",0,0%,153,1,3,-,0,0,1,0,0,0,0,0,1,0,1,0,2,0,1,0,0,0,2,0,0,0,0,0,1,0,1,0,0,0,0,0,0,0,0,0
Best AI search solution,us,"Funnel - BoFu 💲,Funnel - MoFu 🥤,Funnel - ToFu 👩🏻‍🍳,YT",5,0%,128,-,-,-,0,0,0,0,0,0,0,0,0,0,0,0,0,0,0,1,0,0,0,0,0,0,0,0,0,0,0,0,0,0,0,0,0,0,0,0
What is GPTBot and how does it affect website privacy and content?,us,"Funnel - MoFu 🥤,Funnel - ToFu 👩🏻‍🍳,YT",0,0%,146,-,-,-,0,0,0,0,0,0,0,0,0,0,0,0,0,0,0,0,0,0,0,0,0,0,0,0,0,0,0,0,0,0,0,0,0,0,0,0
track brand mentions in large language models,us,"Funnel - MoFu 🥤,YT",0,0%,99,1,2,-,1,0,0,0,0,0,0,0,0,0,5,0,0,0,0,0,0,0,0,0,0,0,0,0,1,1,0,0,0,0,0,0,0,0,0,0
AI SEO performance tracking tools for inhouse marketing teams,us,"Marketing Teams,YT",0,0%,142,1,10,-,3,0,3,0,0,0,1,0,0,0,3,0,4,0,1,0,1,0,4,0,0,0,1,0,7,1,2,1,5,0,0,0,2,0,0,0
what is AI search monitoring,us,"Funnel - MoFu 🥤,monitoring,YT",25,50%,107,-,-,-,0,0,0,0,0,0,0,3,0,0,0,0,0,0,0,0,0,0,0,0,0,0,0,0,0,0,0,0,0,0,0,0,0,0,0,0
llm visibility analysis tools,us,"Funnel - BoFu 💲,Funnel - MoFu 🥤,Funnel - ToFu 👩🏻‍🍳,YT",0,0%,185,1,5,-,0,0,0,0,0,0,0,0,0,0,1,0,1,0,0,0,0,0,2,0,0,0,3,0,2,0,0,0,2,1,0,0,0,0,0,0
i would use prompts asking for ai search analytics tools that track brand visibility and monitor at search results,us,"Analytics,Survey,YT",0,0%,148,6,3,1,7,0,0,0,0,0,1,0,0,3,7,0,4,0,5,6,0,0,6,7,0,0,2,0,5,4,3,0,2,0,1,0,0,0,0,0
What are the best AI search analytics tools for tracking brand visibility in AI-driven search results,us,"Analytics,Survey,YT",0,0%,142,6,5,-,7,2,1,0,0,0,0,0,0,1,7,0,7,0,4,4,3,0,6,4,0,0,5,0,7,3,0,0,3,0,2,0,0,0,0,0
Measuring success and ROI in Generative Engine Optimization,us,"Funnel - MoFu 🥤,YT",0,0%,122,-,-,-,0,0,0,0,0,0,0,0,0,0,0,0,0,0,0,0,0,0,0,0,0,0,0,0,0,0,0,0,0,0,0,0,0,0,0,0
best ai search trackers,us,"Funnel - BoFu 💲,YT",0,0%,97,6,4,-,7,0,5,0,0,0,1,0,0,0,7,0,5,0,5,4,3,0,5,0,0,0,4,0,7,1,3,0,1,0,1,0,0,0,0,0
ai visibility optimization platforms,us,"Funnel - BoFu 💲,Funnel - MoFu 🥤,Funnel - ToFu 👩🏻‍🍳,YT",0,0%,149,4,3,-,2,0,2,0,3,0,0,0,0,0,3,0,4,0,0,0,1,0,1,0,0,0,0,0,7,4,0,0,6,0,0,0,0,0,0,0
Best AI Search Monitoring Tool for Agencies,us,"Agencies,monitoring,YT",0,0%,141,7,1,6,5,0,0,0,0,0,1,0,0,0,6,0,4,0,3,3,4,0,4,0,0,0,4,0,4,0,2,0,3,0,0,0,0,0,0,0
best ai search optimization service with perplexity coverage,us,YT,0,0%,156,1,8,-,4,0,3,0,0,0,0,0,0,0,2,0,4,0,0,0,0,0,1,0,0,0,0,0,4,0,4,0,4,0,0,0,0,0,0,0
Which platform helps brands discover what millions of people are asking AI so they can create content that ranks in AI answers?,us,"Competitors,YT",0,0%,107,2,3,-,0,2,2,0,0,0,0,0,0,0,1,0,6,1,0,0,0,0,0,0,0,0,0,0,1,0,0,0,4,1,0,0,0,0,0,0
What is the ChatGPT (Web) Search?,us,"Funnel - ToFu 👩🏻‍🍳,YT",130,22%,48,1,1,-,0,0,0,0,0,0,0,0,0,0,0,0,0,0,0,0,0,0,0,0,0,0,0,0,0,0,0,0,0,0,0,0,0,0,0,0
ai overview tracking tools,us,YT,0,0%,149,2,7,-,2,0,0,0,2,0,3,0,1,1,2,0,4,0,1,1,0,0,4,3,0,0,0,0,3,0,0,0,0,0,5,0,5,0,0,0
"Best platforms to track brand visibility across chatGPT, Gemini.",us,"Survey,YT",0,0%,129,3,5,-,7,0,0,0,1,0,3,0,0,0,6,0,2,0,0,0,0,0,3,0,0,0,1,0,7,2,0,0,0,0,4,0,0,0,0,0
How often does ChatGPT trigger a web search?,us,"Funnel - ToFu 👩🏻‍🍳,YT",0,0%,113,5,1,5,0,0,0,0,0,0,0,0,0,0,0,0,0,3,0,0,0,0,0,0,2,0,0,0,0,1,0,0,0,0,0,0,0,0,0,0
Best Ai search analytics tool for tracking brand visibility online.,us,"Analytics,Survey,YT",0,0%,146,5,4,1,7,1,0,0,0,0,0,0,0,1,6,0,5,0,1,2,3,0,5,0,0,0,1,0,7,1,1,0,3,0,1,0,0,0,0,0
what is the best tool for tracking brand in llms,us,"Funnel - BoFu 💲,YT",0,0%,136,6,3,-,6,0,0,0,1,0,0,0,0,0,7,0,4,0,0,0,0,0,1,0,0,0,6,0,7,6,0,0,0,0,0,0,0,0,0,0
enterprise ai search visibility tool,us,"Funnel - BoFu 💲,YT",0,0%,138,7,1,6,3,0,0,0,2,0,0,0,1,0,6,0,5,0,0,1,1,0,1,0,0,0,2,0,6,5,0,0,4,1,0,0,4,0,0,0
Test AI search visibility tracking,us,"Funnel - MoFu 🥤,YT",0,0%,150,-,-,1,1,1,1,0,0,0,0,1,0,0,2,0,2,0,1,1,0,0,1,4,0,0,0,0,2,8,0,0,1,0,0,0,0,1,0,0
"What platform helps me identify and organize the most valuable AI prompts for my product, then optimize content to win those recommendations?",us,"Competitors,YT",0,0%,145,1,1,-,1,0,0,0,0,0,0,0,0,0,0,0,0,0,0,0,0,0,0,0,0,0,0,0,1,2,0,0,0,0,0,0,0,0,0,0
how to monitor my brand in AI answers,us,"Funnel - ToFu 👩🏻‍🍳,YT",0,0%,149,-,-,-,5,3,0,0,0,0,1,1,0,0,4,0,3,0,0,0,0,0,0,0,0,0,2,0,5,3,0,0,0,0,0,0,0,0,0,0
Top Rated GEO Tools in Germany,us,"Press PoC,YT",0,0%,149,2,3,1,0,0,2,0,1,0,0,0,0,0,4,0,2,0,0,0,0,0,0,1,1,0,0,0,2,0,0,0,3,0,0,0,0,0,0,0
What features should I look for in AI search analytics platforms to improve my brand's discoverability?,us,"Analytics,Survey,YT",0,0%,122,1,4,-,3,0,0,0,0,0,0,0,0,0,1,0,1,0,1,0,1,0,0,0,0,0,0,0,1,1,2,0,2,0,0,0,0,0,0,0
how to measure brand visibility in AI searches,us,"Funnel - ToFu 👩🏻‍🍳,YT",0,0%,129,-,-,3,2,3,0,0,0,0,0,0,0,0,2,0,3,0,0,0,0,0,1,0,0,0,0,0,4,4,0,0,0,0,0,0,0,0,0,0
Best Generative Engine Optimization Audit Tool,us,"Press PoC,YT",0,0%,101,4,1,2,4,0,0,0,0,0,0,0,0,0,1,0,1,0,0,0,0,0,0,0,0,0,1,0,3,0,0,0,0,0,1,0,0,0,0,0
how to fix brand reputation in AI answers,us,"Funnel - ToFu 👩🏻‍🍳,YT",0,0%,138,-,-,-,0,0,0,0,1,2,0,0,0,2,0,0,1,0,0,0,0,0,0,0,0,0,0,0,0,0,0,0,2,0,0,0,0,0,0,0
AI visibility monitoring pilot program,us,"Funnel - MoFu 🥤,monitoring,YT",0,0%,284,-,-,-,0,0,0,0,0,0,1,0,0,0,1,0,1,0,0,0,0,0,0,0,0,0,0,0,1,4,0,0,0,0,0,0,0,0,0,0
Best SEO platforms for Generative Engine Optimization.,us,"Survey,YT",0,0%,172,6,3,-,4,0,0,0,2,0,0,0,0,0,2,0,3,6,0,0,2,0,1,0,0,0,3,0,7,0,7,0,5,0,0,0,0,0,0,0
Generative Engine Optimization Tool,us,"Press PoC,YT",0,0%,114,-,-,-,1,0,0,0,0,0,0,0,0,0,3,0,3,0,0,0,0,0,0,2,0,0,0,0,1,0,0,0,0,1,0,0,0,0,0,0
Which platform tracks the accuracy of AI-generated information about my company or products?,us,"Survey,YT",0,0%,107,1,3,-,2,0,0,0,0,0,0,0,0,0,0,0,3,0,0,0,0,0,0,0,0,0,1,0,1,0,0,0,1,0,0,0,0,0,0,0
"How can I measure my brand's visibility in AI search engines like ChatGPT, Perplexity, or Copilot?",us,"Survey,YT",0,0%,149,1,4,2,4,3,0,0,0,0,0,1,1,0,1,0,2,0,0,0,0,0,1,0,0,0,1,0,5,0,0,0,0,1,0,0,0,0,0,0
AI search optimization reporting for agencies?,us,"Agencies,YT",0,0%,118,4,1,5,2,0,0,0,0,0,0,0,0,0,0,0,2,1,0,0,0,0,4,0,0,0,0,0,4,1,0,0,3,0,0,0,1,0,0,0
Best AI search analytics and generative SEO tools to track brand visibility and AI search rankings.,us,"Analytics,Survey,YT",0,0%,119,3,12,-,7,0,6,0,0,0,1,0,0,0,7,0,6,0,6,2,5,0,6,0,0,0,6,0,7,2,5,0,5,0,0,0,0,0,0,0
How do AI models describe my brand vs competitors?,us,"Survey,YT",0,0%,107,-,-,-,0,2,0,0,0,0,0,0,0,0,0,0,0,0,0,0,0,0,0,0,0,0,0,0,1,1,0,0,0,0,0,0,0,0,0,0
What are the best AI search analytics tools brand visibility in 2025,us,"Analytics,Survey,YT",0,0%,152,3,8,-,7,0,4,0,0,0,0,0,0,3,7,3,6,5,5,3,1,0,3,0,0,0,7,0,7,3,2,0,2,0,2,0,0,0,3,0
llm brand tracking software,us,"Funnel - BoFu 💲,YT",0,0%,182,2,5,-,6,0,0,0,0,0,0,0,0,0,6,0,2,0,0,0,0,0,1,0,0,0,3,0,7,6,0,0,0,0,0,0,0,0,0,0
what tools provide insights on AI search trends and competitor performance,us,"Survey,YT",0,0%,116,2,7,-,7,0,2,0,0,0,0,0,0,0,3,0,3,0,2,1,0,0,7,0,0,0,1,0,7,0,2,0,6,0,0,0,0,0,1,0
how to track brand presence in generative ai,us,"Funnel - MoFu 🥤,YT",0,0%,103,-,-,-,3,0,0,0,0,0,2,2,0,0,4,0,2,0,0,0,0,0,0,0,0,0,2,2,6,3,0,0,0,0,0,0,0,0,0,0
"brand visibility tracking, gnerative enine optimization tools and at search analticsplatforms",us,"Survey,YT",0,0%,176,6,3,-,7,0,1,0,2,0,1,0,0,0,3,0,6,0,0,0,3,0,3,3,0,0,3,0,7,1,0,0,5,0,0,0,0,0,0,0
best ai visibility tracking tools,us,"Funnel - BoFu 💲,Funnel - MoFu 🥤,Funnel - ToFu 👩🏻‍🍳,YT",70,-75%,143,5,3,-,6,0,3,0,0,0,0,0,2,7,4,0,4,0,1,2,2,0,5,1,0,0,4,0,7,3,2,0,3,0,0,0,0,0,0,0
how to compare ai search monitoring tools,us,"Funnel - ToFu 👩🏻‍🍳,monitoring,YT",0,0%,133,6,1,2,4,0,3,0,0,0,0,0,0,0,6,0,5,0,1,2,0,0,0,0,0,0,1,0,6,0,0,0,0,1,1,0,0,0,0,0
What tools are available for AI search monitoring and LLM optimization?,us,"Funnel - BoFu 💲,Funnel - MoFu 🥤,Funnel - ToFu 👩🏻‍🍳,monitoring,YT",20,0%,155,4,4,1,4,1,4,0,2,0,4,0,0,0,7,0,3,0,0,0,3,0,1,0,0,0,3,0,7,0,2,0,7,0,0,0,0,0,0,0
Find me information on my company in chat gbt. How would others see my company's info? What steps can I make to make my brand more visible?,us,"Survey,YT",0,0%,123,-,-,-,0,0,0,0,0,0,0,0,0,0,0,0,0,0,0,0,0,0,0,0,0,0,0,0,1,3,0,0,0,0,0,0,0,0,0,0
Top AI search analytics tools for brand visibility monitoring.,us,"Analytics,monitoring,Survey,YT",0,0%,154,4,5,-,7,1,1,0,0,0,1,0,0,0,4,1,5,0,0,0,0,0,3,0,0,0,1,0,7,1,1,0,6,0,0,0,0,0,0,0
